{"cameraMode":{"drawMode":0,"name":"Shaded","section":"Shading Mode"},"sceneLighting":true,"audioPlay":false,"sceneViewState":{"m_AlwaysRefresh":false,"showFog":true,"showSkybox":true,"showFlares":true,"showImageEffects":true,"showParticleSystems":true,"showVisualEffectGraphs":true,"m_FxEnabled":true},"in2DMode":false,"pivot":{"x":-170.54641723632813,"y":29.59893798828125,"z":449.84600830078127},"rotation":{"x":0.15929220616817475,"y":0.7995197772979736,"z":-0.24207402765750886,"w":0.5261090397834778},"size":0.7082993388175964,"orthographic":false}